{
  "$schema": "https://ui.shadcn.com/schema.json",
  "style": "default",
  "rsc": true,
  "tsx": true,
  "tailwind": {
    "config": "tailwind.config.ts",
    "css": "src/app/globals.css",
    "baseColor": "slate",
    "cssVariables": true,
    "prefix": ""
  },
  "aliases": {
    "components": "src/components",
    "utils": "src/lib/utils",
    "ui": "src/components/ui",
    "lib": "src/lib",
    "hooks": "src/hooks",
    "types": "src/types"
  },
  "iconLibrary": "lucide",
  "registry": "https://ui.shadcn.com"
}